{"cameraMode":{"drawMode":0,"name":"Shaded","section":"Shading Mode"},"sceneLighting":false,"audioPlay":false,"sceneViewState":{"m_AlwaysRefresh":false,"showFog":true,"showSkybox":false,"showFlares":true,"showImageEffects":true,"showParticleSystems":true,"showVisualEffectGraphs":true,"m_FxEnabled":true},"in2DMode":false,"pivot":{"x":-0.155930757522583,"y":-0.029355287551879884,"z":16.114776611328126},"rotation":{"x":0.16181129217147828,"y":-0.17950460314750672,"z":0.029951483011245729,"w":0.9699084162712097},"size":6.635421276092529,"orthographic":false}