{"cameraMode":{"drawMode":0,"name":"Shaded","section":"Shading Mode"},"sceneLighting":true,"audioPlay":false,"sceneViewState":{"m_AlwaysRefresh":false,"showFog":true,"showSkybox":true,"showFlares":true,"showImageEffects":true,"showParticleSystems":true,"showVisualEffectGraphs":true,"m_FxEnabled":true},"in2DMode":false,"pivot":{"x":54.37045669555664,"y":-4.263339042663574,"z":48.08657455444336},"rotation":{"x":0.11405898630619049,"y":-0.005965459160506725,"z":0.0006848866469226778,"w":0.9934571981430054},"size":2.04646635055542,"orthographic":false}